,y_test,y_pred
0,222.1561605,272.2896745
1,275.459017,326.57162950000003
2,106.94264,104.02380775000002
3,266.4788855,243.30213165
4,112.035875,110.4802424
5,98.6892395,106.14832695
6,100.979775,115.45513779999999
7,278.716852,353.88657670000003
8,306.1694105,371.8357399
9,100.066445,101.3402563
10,296.82788,324.21300940000003
11,242.481686,248.76600820000004
12,97.1514365,99.82751525
13,186.1106525,156.54707810000002
14,124.5377895,216.37126375000003
15,97.28494,98.1120499
16,127.62585,131.10734159999998
17,176.5879855,166.87909095000003
18,103.0714755,98.42623105
19,257.4631385,269.05279364999996
20,104.160698,107.04262559999998
21,68.6891895,59.857878349999986
22,95.6201885,99.22019449999999
23,381.5484145,367.26500395000005
24,115.257876,101.04440730000002
25,99.17715,99.57379304999999
26,111.1760775,116.06763699999999
27,101.9265355,104.08795934999998
28,180.702559,187.5000066
29,109.0387105,104.93163154999999
30,100.57555,106.64808015000001
31,100.0439395,99.2797576
32,68.75758,67.28797085
33,415.83609,434.88389305
34,103.732875,104.25500259999998
35,341.4541015000001,381.6640447000001
36,253.301369,264.3204114
37,111.465153,117.13627679999999
38,265.5275365,255.75754934999995
39,99.781958,106.70253035
40,336.8686605,323.5907651
41,112.9271365,109.03300764999999
42,255.022275,249.83536905
43,136.1873355,134.29921145
44,270.273575,334.52271340000004
45,105.8851,106.83887435
46,97.3113785,97.34813019999999
47,245.3355145,231.00768290000005
48,97.4472855,98.81183985
49,153.7350705,136.2604893
50,181.9023425,193.33705930000002
51,102.695874,100.07887765
52,423.3811135,402.20324135
53,103.4416145,104.5667147
54,97.461925,102.90493479999998
55,290.2263395,352.02567775
56,104.161572,101.6136435
57,105.38255,105.0644577
58,91.0710185,97.23431355
59,146.2055605,135.44511285000002
60,80.2259895,71.68502115
61,102.5129895,101.71566114999999
62,336.6335545,363.26809269999995
63,227.2109395,222.7991186
64,433.9119395,416.40460514999995
65,104.8872105,90.42100285000001
66,315.8782395,310.55380965
67,405.896525,407.80916475000004
68,98.2579205,99.2371938
69,180.6494635,174.97569585
70,155.0657355,167.82242100000002
71,101.447802,95.962141
72,97.8182985,94.74009235
73,297.4593450000001,325.45476675
74,279.7964605,314.40954805
75,249.7002705,258.85858874999997
76,101.3403,111.80516085
77,130.0256355,140.69614855
78,92.2592215,96.80662165
79,179.333001,172.5213072
80,93.708969,97.12091204999999
81,91.400298,95.94061875
82,158.3799435,223.73038745
83,142.8275505,130.97844845000003
84,117.26458,151.08066695
85,343.566341,343.8011411
86,78.496562,84.48964555
87,265.8670855,270.44959860000006
88,147.4422705,144.50161010000002
89,111.240098,99.65205975
90,111.4776075,109.50728375000001
91,445.753547,422.2153286000001
92,106.1156175,97.89129935000001
93,120.9246735,120.80071844999998
94,255.131525,244.564865
95,94.041089,97.78580755
96,244.226627,237.59399395000005
97,95.8850105,98.785161
98,126.647844,129.4591087
99,96.3001605,98.70210915
100,103.1357145,102.65116889999999
101,73.24491450000002,73.35650245000001
102,95.910138,98.58221820000001
103,140.922449,149.73079579999995
104,97.1304605,107.68800905
105,308.197309,309.62498800000003
106,97.3636,98.7958675
107,95.4340265,94.19486930000001
108,101.416775,108.10663319999999
109,115.9760855,106.0394921
110,102.0991505,118.5405326
111,265.182525,277.62201405
112,96.6899645,119.76749749999999
113,104.1845145,95.64221330000001
114,243.2317965,249.22378755
115,412.8786925,420.30732104999987
116,127.0359,118.11808469999998
117,92.1377355,99.96337855
118,82.6294895,85.84788524999999
119,335.0734645,298.81869905
120,103.3878635,106.68513775
121,317.3539885,220.92561220000002
122,105.08713799999998,102.6665513
123,238.9697355,234.27799424999998
124,98.064111,100.64754574999999
125,98.0971045,100.3394826
126,97.871831,95.65967144999999
127,221.0346,230.24789285000003
128,104.696023,106.35572715
129,110.8050645,107.00982875
130,377.7792895,341.9809487
131,100.275331,177.35717105
132,123.8897185,137.9954667
133,104.6490455,98.04813865000001
134,184.672267,269.5938652
135,60.807239,70.2223166
136,251.319137,256.52990315
137,111.01482450000002,105.69220820000001
138,169.9482075,165.7053745
139,109.8143855,100.6598036
140,214.5851355,204.12870875000002
141,101.526025,98.3236016
142,105.4880855,104.60650355
143,245.92175,299.82454195
144,114.832675,126.86269504999999
145,236.97679700000003,237.5500099
146,58.656325,67.60842295
147,99.010216,102.45960994999999
148,336.968952,124.97778294999998
149,248.951034,251.04749780000003
150,400.999066,341.24182874999997
151,91.2567435,94.35846025
152,97.7763465,98.11556775
153,104.531274,102.54600485
154,102.517141,100.57356164999999
155,175.56038,161.47589185
156,285.71497,304.98935755
157,101.65931,105.5514068
158,110.5354355,104.25812714999999
159,443.463667,395.1560919500001
160,105.284225,102.02667404999998
161,301.3807645,293.27482965
162,105.2909985,108.28914625
163,110.0617275,115.98677015000001
164,102.5435795,104.68896545
165,235.03760950000003,236.09868920000002
166,107.731425,104.4502105
167,96.413999,105.09603095
168,99.8726355,103.1362826
169,139.8581355,119.48132804999997
170,125.361316,112.63030425000002
171,88.36577,135.16718085000002
172,233.303812,243.95750055
173,285.4047,335.90887739999994
174,105.0038895,104.90366355
175,100.4870575,105.5966363
176,103.7632465,105.06664270000002
177,105.576141,100.7886749
178,141.68960249999995,138.48829345
179,88.996798,90.80838150000001
180,123.0082895,122.78736415
181,125.310187,116.78495065000001
182,99.3993645,102.6418171
183,107.0070975,109.82871909999999
184,133.4027715,127.39655610000003
185,408.7031575,406.34300790000003
186,252.3047905,253.37799694999998
187,110.047525,109.0030076
188,305.520684,299.34021485
189,98.250273,104.00381499999999
190,95.988798,94.62135945000001
191,113.03005,103.87391674999999
192,95.76855,98.1697776
193,96.3185145,93.45546529999999
194,387.2656855,327.21087309999996
195,81.2411405,87.33899480000001
196,166.3538825,183.32375054999997
197,143.81233,140.90903310000002
198,375.021164,435.4042945
199,110.966099,112.94557790000002
200,100.1750395,125.95100380000004
201,102.6113145,96.93361385
202,91.622731,98.38294619999999
203,96.5466285,92.92256565
204,103.6564,100.9134384
205,180.06082450000005,165.2105157
206,281.1808765,317.09347095
207,60.1493355,61.293445199999994
208,114.0095855,110.12646905
209,145.5343285,203.1720939
210,134.8632255,134.09146164999999
211,323.050502,324.3543789
212,113.618689,103.66107589999999
213,112.3459265,265.87007895
214,236.822099,369.52608564999997
215,100.891064,107.3714244
216,212.2327645,219.31367215
217,100.439206,101.36059864999999
218,254.09365,249.60493895
219,111.9194145,117.796409
220,95.1141425,99.83048685
221,92.0826735,97.5654503
222,298.54092,324.78890985000004
223,375.229176,371.29873245
224,105.304764,101.81258774999999
225,248.5693145,257.2848425
226,116.689051,107.51071815
227,92.4925795,86.9611209
228,154.631576,156.10774014999998
229,100.754283,104.46742829999998
230,100.2478,92.41208410000002
231,138.037375,164.1006668
232,100.2165545,98.24548784999999
233,327.7755645000001,313.78957615
234,95.779475,98.90229885
235,88.274,88.05947669999999
236,365.0516645,392.3995178
237,101.1290105,98.52744025
238,382.1672065,367.1323089
239,149.746353,162.50764885
240,102.102865,100.88925045
241,241.7905705,236.76799840000004
242,99.9866925,98.18959555
243,173.019225,188.56582774999998
244,104.7102255,112.58985990000004
245,137.194402,158.25052595
246,298.3991135,303.6531208
247,322.844675,326.9375296
248,100.0220895,102.92562674999999
249,116.6353,127.59504150000001
250,395.6844905,328.3719602499999
251,95.4480105,105.74772905
252,106.145989,109.22804075000002
253,104.6870645,98.42693024999998
254,95.1735745,86.77010820000001
255,105.1422,106.33531925
256,104.388375,125.52134539999997
257,177.258999,173.58704095000002
258,346.6321145,396.6942882500001
259,95.8885065,101.80642605
260,109.0461395,113.48546954999999
261,99.333159,95.94267265
262,106.11671,112.33419305
263,149.705275,192.67856584999998
264,111.348474,114.7609633
265,97.4568995,99.60516965
266,99.2306825,111.81317979999999
267,102.4806515,99.94738435000002
268,99.344084,96.03251985000001
269,238.0048395,225.93236489999998
270,224.473353,216.05039649999998
271,427.2149145,410.8042097999999
272,215.846536,230.50017294999998
273,440.51413550000007,441.40345234999995
274,172.49701000000005,202.42807954999998
275,200.9835105,201.5830745
276,426.17551,428.5121927
277,453.01233550000006,436.9178002999999
278,444.1668,417.4672143499999
279,177.869925,391.89777625000005
280,249.3056595,273.48163569999997
281,103.9157595,108.46687415000001
282,158.988466,154.75966069999998
283,99.5523145,98.48880945
284,113.9186895,114.25218605
285,98.226675,103.47286000000001
286,119.8291145,104.9731247
287,241.2093605,244.60609595
288,94.3555105,100.5752004
289,100.7016245,127.097954
290,447.0145105,441.5036346
291,123.630359,118.87223745000001
292,152.513,144.88214969999999
293,102.049551,97.2528642
294,117.0358105,106.189689
295,98.0191,97.50730745000001
296,103.5215855,106.66341885000001
297,112.1488395,99.52078494999999
298,119.7259825,303.54242869999996
299,101.054939,108.0604423
300,103.645912,105.90417504999998
301,107.3540755,104.83767655
302,409.1807985,407.32374515000004
303,381.6930615,321.00492685
304,301.2286885,334.8530417
305,93.4452395,101.11133385
306,215.3245395,216.80168690000005
307,95.1080245,96.10112885000001
308,128.8321885,130.35646635
309,424.428384,344.25026785000006
310,156.451244,159.8243159
311,171.1036355,282.50312925000003
312,323.3797815,335.73077804999997
313,109.7234895,105.41648305000001
314,97.2799145,99.67668469999998
315,101.5625145,103.22060174999999
316,412.762669,421.96066685000005
317,95.4991395,95.00605055000001
318,172.774505,176.59740285
319,138.46345,134.76723844999998
320,82.527013,96.8631476
321,342.142158,329.9370976
322,123.3613855,126.5597448
323,175.405245,166.22638775000001
324,101.670235,104.63831714999999
325,95.932425,90.59103954999999
326,64.30455,59.200171499999996
327,190.486115,241.36346855000002
328,95.365199,95.90329894999999
329,97.7855235,100.45067725000001
330,100.608325,102.34424195
331,113.048841,113.33667105000002
332,109.3009105,104.70382345
333,112.5430135,111.36883819999998
334,406.1003855,363.05577625000006
335,94.9231735,106.28991495
336,101.7102205,98.11089185
337,113.8566355,105.4055362
338,240.360925,271.2726007
339,96.16185,98.85086395
340,340.721034,322.87633565
341,109.8441015,104.88045885
342,100.9323605,99.94124450000001
343,106.770462,104.09932135
344,412.5802215,425.0839713999999
345,227.762215,263.3917427
346,143.76469699999996,143.5357964
347,130.0658395,121.4225913
348,434.651125,445.9062785
349,100.7558125,99.16371225
350,341.7643715,435.74556965
351,127.8662,121.90388125
352,113.64185,103.21286685
353,106.4494855,108.68445644999997
354,257.5133935,262.8946989
355,275.799003,287.22268555
356,103.802795,103.9380465
357,84.701525,103.03155555000001
358,347.259865,351.33644135
359,105.6666,103.2383221
360,154.5085605,99.33160765
361,126.443328,130.7122936
362,332.2111145,326.396174
363,106.3319325,107.17960324999999
364,102.61197,106.6209643
365,107.4843015,111.13722820000001
366,383.794376,349.46280385
367,81.5833115,79.8311163
368,131.6206855,254.0221131
369,185.596522,189.8041765
370,100.1684845,101.21617015
371,106.617075,95.78395425
372,133.8943965,130.14696855
373,98.005553,301.00029044999997
374,104.62217,103.98594169999998
375,311.825283,314.8439479
376,99.3775145,100.26278909999999
377,73.2986655,86.95218424999999
378,106.249995,118.48883550000001
379,406.6815955,361.1958824
380,150.0590265,141.60755575000002
381,108.020719,102.14350599999999
382,122.5057395,107.83256865000003
383,85.4516355,86.7515794
384,106.7658735,106.2864408
385,102.141758,106.54798530000001
386,106.1501405,108.76366270000001
387,88.70706700000002,89.61067375000002
388,130.961034,126.4162777
389,201.5953105,213.79667825
390,347.3868135,317.1192539500001
391,102.7826185,101.85047565
392,93.026375,94.60195664999999
393,113.6870795,111.97548160000001
394,99.984289,101.42588644999998
395,111.138277,119.96174399999998
396,88.7802645,88.5237018
397,297.92475,331.6874574
398,215.024102,212.07668995
399,106.6133605,102.67212304999998
400,272.0191715,280.74909865000006
401,71.995313,82.569402
402,202.1891935,185.0490047
403,117.3858475,112.54412785
404,391.371519,367.0973707499999
405,256.6354605,240.9883259
406,94.9502675,92.4443347
407,258.679528,329.53750479999997
408,99.8665175,96.93295835
409,398.2981875,341.18167569999997
410,97.2834105,91.78546979999999
411,239.6798605,245.35253565
412,110.844176,104.69853575000002
413,236.213795,245.72643284999998
414,76.5106155,74.08651095
415,96.4858855,105.0313768
416,95.77292,132.52525365000002
417,279.271405,318.21210355
418,402.9360685,388.8025271
419,405.6415355,420.00756089999993
420,103.6522485,103.9463058
421,110.25073,106.10873475000001
422,425.8711395,438.5250644499999
423,329.907906,140.65242670000003
424,254.1773355,246.32354965
425,252.006101,282.23896275
426,236.668712,243.05352235
427,243.1031,242.169231
428,244.8679245,285.358378
429,411.0773785,436.04430285
430,95.6306765,94.44210204999999
431,96.260175,98.34381285
432,70.84818800000002,69.31187079999998
433,128.64908549999998,149.2081001
434,92.8233885,96.66949105
435,90.896,79.88198309999999
436,105.5501395,105.98720504999999
437,102.149187,108.8193802
438,86.745374,80.317978
439,140.769936,139.2118562
440,79.8414295,84.5901337
441,106.289762,104.18733315
442,98.3977605,153.39508450000002
443,106.029747,101.29618485
444,102.2188885,107.3457725
445,103.6164145,100.33745055
446,108.0637635,102.42030180000002
447,95.3680395,95.19959785
448,97.234248,104.89562275
449,419.7822,439.1520938999999
450,201.990577,209.06683060000006
451,111.5661,113.18551275000002
452,91.815448,98.2496612
453,99.8289355,100.34151465
454,215.5683855,231.9404594
455,99.1153145,96.67652674999998
456,135.501901,286.50185404999996
457,99.789824,98.94390125
458,105.0943485,107.38366039999998
459,93.6873375,98.25532034999998
460,335.5550385,314.55755995000004
461,202.101575,220.66094315
462,99.205992,102.24766495
463,102.8874985,101.38498324999999
464,411.533825,206.67733644999998
465,280.280875,301.0097515
466,90.5901,80.18655025
467,262.6092505,252.8690886
468,109.8139485,105.95377454999998
469,247.2251025,254.72965979999998
470,96.6244145,96.11786594999998
471,100.062075,105.4715669
472,414.846722,412.1426315499999
473,102.2870605,95.0846013
474,412.2376135,422.07166485
475,142.52492800000005,163.693208
476,251.5990355,235.88226495000004
477,107.0228295,112.79007145
478,352.1951245,328.34792525
479,107.6621605,107.2267337
480,102.701992,106.452326
481,98.3020575,100.28037835
482,92.4401395,96.9932862
483,97.47285,102.91404625
484,104.425083,106.6531712
485,415.5033145,425.57858985
486,397.378084,295.0940388
487,96.3766355,97.93097895
488,170.17501049999996,162.18619164999998
489,105.0143775,115.56506514999998
490,128.915,125.22656705000001
491,382.0254,397.69392575
492,94.533151,95.68191475
493,100.1457605,100.42681705000001
494,106.942203,106.53220959999999
495,380.1172395,345.5274659
496,128.632698,123.83640450000003
497,93.751795,97.69360055000001
498,102.6563255,97.59073075
499,425.29561050000007,409.0473387
500,99.5486,92.11555775000002
501,100.187931,103.67923325000001
502,97.8606875,98.06478835
503,194.6977025,178.1497798
504,394.071305,383.00325304999996
505,114.1472405,111.68623129999999
506,141.5952105,138.16443275
507,263.800294,256.67524935
508,83.7001395,87.8078084
509,110.0001105,111.05533439999999
510,79.7234395,98.80589665
511,286.552262,280.73979055
512,341.0638605,332.40966545000003
513,99.0174265,102.5675708
514,242.5277895,247.0280592
515,146.3475855,133.1177164
516,132.990025,131.67716775000002
517,110.922399,124.83663195000001
518,105.919623,107.37551035000001
519,94.417783,99.20380700000001
520,423.5404,210.7880862
521,101.0158275,103.45391605
522,100.3861105,103.58245959999999
523,111.992175,111.51813924999999
524,247.658825,333.19477965000004
525,97.8956475,97.45110924999999
526,103.5215855,101.5764548
527,87.7196655,81.53255395000002
528,129.4566615,128.18540664999998
529,93.6200395,86.017769
530,407.309783,366.33812694999995
531,150.2901995,148.78449415
532,86.602475,91.3091398
533,95.802199,111.33001075
534,272.125581,252.36319555
535,434.8077895,398.2813193
536,114.2403215,102.63388555000002
537,68.56901450000001,60.631215399999995
538,98.3396395,96.85928014999999
539,402.3177135,426.2545633000001
540,149.466673,171.64719794999996
541,94.300667,103.36426549999999
542,275.931851,258.886229
543,101.8684145,103.40505945
544,91.908966,87.87862425
545,100.653336,100.2413761
546,123.653083,109.8978525
547,92.4213485,83.90295119999999
548,90.873276,91.34523599999999
549,103.5762105,106.36713285
550,357.3823145,330.859255
551,221.220325,208.81004939999997
552,116.5437485,110.26475770000002
553,108.5789865,105.52898869999999
554,93.49615,94.50070375
555,108.0226855,96.27719615000001
556,391.223813,352.17336190000003
557,104.743219,102.94955250000001
558,110.1194115,109.94983365
559,446.94175,361.0079287
560,313.144149,279.08205289999995
561,221.635475,219.47072995
562,212.7619715,213.2982579
563,109.366242,141.86088465000003
564,116.96305,110.374838
565,92.7189455,94.25703255000002
566,275.8560315,321.88307835
567,81.57675649999999,74.81472775
568,82.092198,78.44313875
569,118.5360315,107.08827024999998
570,110.231502,171.71823229999998
571,108.876802,111.04499934999998
572,112.66297,107.07605609999999
573,311.3188,348.18523435
574,387.440267,371.98394844999996
575,98.3606155,96.5187916
576,104.752833,101.12767765000001
577,339.5927,332.17921349999995
578,120.59452,122.53547734999998
579,103.4669605,103.6404932
580,91.0708,93.1897693
581,392.8195185,364.06043925
582,100.5537,102.01841475
583,132.3780065,128.43700940000002
584,246.6972065,307.78117575
585,395.648875,389.64110825000006
586,127.4691855,118.87754699999998
587,366.850575,349.48395465000004
588,100.174384,102.80422815
589,178.6602395,165.55404140000002
590,97.2558795,99.88410675
591,110.2706135,106.50227509999999
592,108.5108145,106.20465625
593,104.715688,104.963467
594,352.012677,323.6608599
595,99.0541345,98.99087874999998
596,147.2823285,213.29924115000003
597,99.35195,103.03041935000002
598,107.9444625,104.95988359999998
599,109.2681355,110.53976180000002
600,102.942342,104.14007160000001
601,100.0439395,104.2846749
602,344.3190735,320.68727155000005
603,281.9596105,251.33340505
604,73.9462995,72.42722195000002
605,122.80464750000002,128.56784720000002
606,101.4353475,100.40678059999999
607,98.3527495,105.15653360000002
608,95.6267435,95.8375523
609,99.9040995,108.62061075000001
610,94.8689855,85.21213765
611,228.845975,258.98805000000004
612,252.9318855,237.40680500000002
613,110.284816,109.71678155
614,101.195216,106.7963761
615,95.1158905,96.43914835
616,100.8100005,86.94951855
617,99.0663705,98.52372574999998
618,87.2031315,89.85194145000001
619,335.6743395,347.33760730000006
620,221.89549,217.80289759999997
621,111.5370395,101.90309045
622,345.038594,324.147809
623,93.584861,97.97786905
624,104.2207855,99.50068295
625,163.6746355,148.2818349
626,112.494725,113.53203189999999
627,95.080275,101.72645505
628,123.8639355,113.42621234999999
629,117.65263600000002,142.91363950000002
630,107.77731,108.45470369999998
631,108.6235605,109.3742391
632,235.925375,289.82012615
633,102.116849,100.70968715
634,105.0510855,110.18638174999998
635,97.021866,105.94693550000002
636,103.7802895,97.57228935
637,278.969875,273.8169457999999
638,109.2572105,105.314815
639,92.88435,97.27078120000002
640,104.366525,102.2826905
641,105.78000149999998,107.16778240000001
642,83.1464605,87.8426373
643,243.860858,246.24069445
644,119.89095,105.49667255
645,427.07638550000013,387.2380234
646,112.0605655,232.6402056500001
647,196.45335,170.40104875
648,347.8216285000001,298.4322818
649,100.4962345,106.18053385
650,96.3585,94.85751424999998
651,105.326177,108.9931314
652,91.65201,98.05410370000001
653,104.2644855,106.52690005
654,96.7699355,98.4459616
655,105.0497745,105.3552375
656,430.52868550000005,409.159604
657,96.6886535,95.89840455
658,115.6229895,114.14317640000002
659,99.6069395,103.89375655
660,71.7599885,82.66886319999999
661,122.751552,110.80783944999999
662,184.4177145,222.42050179999995
663,276.8357855,382.1457061
664,91.1413755,88.21056945000001
665,89.612094,97.82561824999999
666,72.4945855,72.98780555
667,100.367538,98.62045570000001
668,103.9306175,97.27467050000001
669,311.2233155,323.9361262
670,111.8573605,109.94583509999998
671,453.3195465,412.80726484999997
672,111.1782625,116.7408792
673,217.1599395,193.79112415000003
674,116.1508855,116.22513180000001
675,260.0405645,252.36181899999997
676,103.085241,98.5117738
677,73.869169,71.0533158
678,107.78102450000002,138.0310822
679,110.14585,117.10712889999999
680,89.0743655,95.64800355
681,87.9681,91.80552809999999
682,311.1367895,295.0940388
683,79.9345105,80.45652884999998
684,230.0003105,245.02749504999997
685,112.9208,110.2762071
686,81.5837485,89.45711195
687,364.4931785,431.22023800000005
688,85.78288149999999,91.52945335000001
689,81.661753,90.49780560000002
690,106.8043295,103.25125729999999
691,77.387019,80.1696602
692,73.2339895,86.75413584999998
693,294.5303525,336.42106325000003
694,136.9048895,121.7851265
695,96.3766355,98.27944274999999
696,99.0541345,99.06280895
697,104.923263,129.1148838
698,112.7348565,104.82504724999998
699,149.814525,134.3300855
700,96.3294395,106.3169871
701,95.757625,85.0413362
702,335.15715,326.15296164999995
703,95.693823,98.66181775000003
704,100.0373845,100.05147775
705,111.4749855,109.42163175
706,102.087133,108.4256869
707,99.930975,102.7859397
708,110.5708325,120.55099480000001
709,100.0692855,97.44960160000002
710,104.9593155,103.93179740000001
711,95.7237575,100.41132540000001
712,253.4138965,259.14121850000004
713,111.215626,101.18822399999999
714,148.930474,151.11149730000005
715,301.8321855,323.07836075
716,110.28656399999998,106.52742444999998
717,98.4134925,97.38590885
718,76.0788595,106.9219699
719,366.6248645,373.79312845
720,238.197775,244.6980189
721,138.5934575,134.21087189999997
722,71.700775,80.26909954999999
723,100.1746025,102.37902714999998
724,109.8181,95.17184834999999
725,103.988083,107.68503744999998
726,116.9969175,115.77486885
727,247.6114105,255.30890329999997
728,63.442786,66.10055444999999
729,212.101009,216.8130052
730,330.5443965,268.24818925
731,180.3134105,173.28140315000002
732,94.0906885,98.0166965
733,91.4896645,101.80802109999999
734,103.7125545,103.78992535000002
735,96.11815,98.15255979999999
736,106.3428575,104.565797
737,119.87237749999998,111.03149604999999
738,104.8924545,102.52087735
739,98.7089045,95.96273095
740,239.125089,260.14162075
741,363.251006,396.68456499999996
742,105.2254485,105.66563860000001
743,101.8478755,101.21641049999998
744,369.3596105,321.2949419
745,96.260612,120.34191215000001
746,86.8137645,91.84846335
747,374.552263,363.34600980000005
748,356.6852995,320.9625597
749,434.884483,431.78213259999995
750,94.913778,96.69785235
751,102.5444535,103.61967014999998
752,338.5847595,392.74035595
753,103.8698745,105.14351099999999
754,178.60627,177.29745499999999
755,305.364675,290.23632495000004
756,117.2770345,107.11827029999999
757,80.9033395,76.4568208
758,97.5220125,109.44254219999998
759,79.6447795,87.68363484999999
760,92.7897395,91.63664945
761,110.204408,120.27299724999997
762,95.2408725,96.5632345
763,105.611975,110.3929735
764,112.11235,106.8671701
765,95.9225925,95.95305139999999
766,102.4063615,102.115975
767,255.1278105,244.2687538
768,100.339133,96.92063495
769,394.1156605,422.1857873999999
770,81.42926899999998,71.33402275
771,113.2194895,105.15618400000001
772,315.503075,351.9006739
773,366.653925,368.2241315499999
774,188.270525,210.6985886
775,138.5252855,186.7396266
776,113.1425775,108.84859365
777,117.22525,113.35937320000001
778,104.2876465,106.60826945000001
779,101.4204895,104.1162114
780,102.25363,104.20223485
781,411.4208605,398.87697215
782,255.4088015,250.85207140000003
783,77.1704855,82.23153545
784,102.665284,101.00247714999999
785,425.724089,380.31030610000005
786,226.147063,214.02466115
787,278.9403775,343.4929687
788,101.5900455,99.1523721
789,101.7141535,113.4122065
790,95.4410185,102.57327364999999
791,238.4090645,298.92277060000004
792,100.5958705,98.8115558
793,114.6760105,103.02325255000001
794,345.9698410000001,362.94816499999996
795,89.57778950000002,91.49184950000001
796,107.505933,109.45392604999999
797,96.601909,97.52336720000001
798,78.0868745,79.98426295
799,82.9498105,83.0150546
800,207.3855605,247.37615154999997
801,83.695551,95.84329885
802,265.160675,274.3888477
803,370.7606325,347.49307005
804,118.3140355,119.71750470000002
805,112.4036105,181.79551785
806,117.9714275,134.3799909
807,314.257625,294.61663815
808,90.4989855,94.19098000000001
809,185.227694,184.30726275
810,107.82975,102.32774520000001
811,103.2703105,102.50234855000001
812,98.5035145,93.45264665
813,128.0665645,141.22937595
814,100.5163365,107.409793
815,401.155949,319.485019
816,104.520786,107.85391610000002
817,105.808625,104.16200900000001
818,404.9679,383.49817740000003
819,107.294862,105.01667175
820,101.0818145,104.4939979
821,177.8115855,178.82592805
822,96.20555,168.1384594
823,108.561725,110.21793315
824,105.4623025,108.2644776
825,115.7650145,116.94994
826,267.6308175,259.04230354999993
827,116.1109,116.3488028
828,92.9571105,99.38489979999999
829,102.80425,102.35612834999999
830,249.5800955,242.08226799999997
831,103.6972595,103.7264074
832,268.03395,258.5985956
833,105.8062215,99.02282345
834,366.360698,336.4289511
835,111.7371855,120.61438165
836,99.455519,101.92389164999999
837,105.85888,99.56146964999999
838,103.032801,106.54254465000001
839,94.5810025,97.57255155000001
840,113.0547405,113.19108450000002
841,84.4574605,90.2561009
842,106.113651,110.2589019
843,164.6653145,152.59198775000002
844,95.7467,101.20747385
845,114.4570735,115.1531271
846,377.1382105,377.8042422
847,393.6144215,294.98507284999994
848,108.00455,109.30158784999999
849,144.7311225,154.96221020000002
850,234.554069,223.92581385
851,148.02610249999995,151.70374154999996
852,294.8002,304.63741960000004
853,241.443811,312.8476445
854,350.506338,324.94168505000005
855,147.766306,131.58345309999999
856,105.7786905,108.09774024999999
857,137.20488999999998,132.21196834999998
858,105.3648515,107.79968439999998
859,100.914225,98.57511695000001
860,267.3515745,308.42487675000007
861,96.72995,101.7278316
862,105.4736645,109.93571855
863,122.4213985,114.0668762
864,98.8456855,97.62695805000001
865,224.7054,183.0946096
866,89.7709435,99.50924815
867,105.766236,112.75624764999998
868,97.3817355,94.86103209999997
869,193.495297,206.9986844
870,133.5399895,138.25430180000004
871,433.35476449999993,393.59132605
872,76.13414,80.91096515000001
873,99.9128395,107.57722955
874,103.994201,102.64765105
875,126.27115,143.80514135
876,95.042256,102.01557425000001
877,152.485906,145.39903329999999
878,99.4758395,104.51320404999998
879,99.251003,96.77603165
880,114.0371165,106.246936
881,148.6964605,161.92016789999997
882,269.355875,318.7552727
883,75.198086,76.61095070000002
884,98.596814,100.89967290000001
885,86.48098900000002,91.6932628
886,160.1471715,194.9316286
887,123.5742045,121.93521415000001
888,100.7466355,97.55496229999999
889,101.565792,103.44902165
890,89.7744395,94.45357329999999
891,313.9890885,341.6360683
892,111.4470175,113.34731200000002
893,106.9459175,111.00413984999997
894,401.0569685,389.2518723499999
895,185.8925895,179.7732348
896,110.942064,113.0486662
897,131.00691899999998,130.11382210000002
898,72.6060205,73.42712165000002
899,92.0721855,95.92995595
900,99.2892405,95.82428934999999
901,102.242705,101.90040289999999
902,364.161277,361.28216805
903,102.2652105,115.8993483
904,100.520488,105.03085239999999
905,425.201,348.5238437999999
906,175.5383115,180.8111535
907,396.390901,381.59405915
908,110.073308,111.2409283
909,346.617475,316.41253754999997
910,142.1453935,128.42418345
911,98.2413145,99.42731065
912,311.365559,300.10369755
913,99.5413895,101.05670884999999
914,100.61925,134.3232246
915,108.2390005,104.88539695000001
916,357.2271795,342.32145909999997
917,141.3426245,133.9612138
918,99.4539895,100.65962880000001
919,106.7667475,106.6268201
920,373.9769525,389.000794
921,98.338984,103.45564219999999
922,97.4673875,93.23987135000002
923,103.308985,105.31745885000001
924,105.7948595,103.41001940000001
925,101.5987855,92.2590904
926,130.586525,127.24065635000002
927,113.3007715,107.0400473
928,92.7097685,96.57413765
929,109.7307,110.7791941
930,117.472155,118.31650455000002
931,231.514734,279.61746530000005
932,420.854161,433.86052645
933,82.5748645,81.44004105
934,262.201311,258.25863145
935,99.705483,100.69445770000002
936,133.0300105,142.1879136
937,106.0998855,108.44808315
938,86.9601595,88.2147428
939,105.7856825,107.42213824999999
940,104.186044,129.60672730000002
941,104.325447,120.66507365000002
942,97.9244895,96.4254047
943,100.315972,103.94086515
944,104.575848,106.44515919999999
945,66.75175,69.20651009999999
946,109.4975605,103.85189194999998
947,376.6138105,390.15849440000005
948,351.4063395,354.62643955000004
949,198.7657355,189.16006035
950,355.9500470000001,335.53019505000003
951,176.5552105,185.93460704999998
952,174.570575,168.1771776
953,104.9855355,105.98340314999999
954,217.0616145,292.54171845
955,117.736103,114.58498340000001
956,99.398709,106.18319955000001
957,161.1081345,370.28541685000005
958,105.09806299999998,104.53723905000001
959,112.7715645,106.03280599999998
960,88.4529515,104.00925565
961,25.5048495,135.2556515
962,102.0733675,107.19843795
963,81.8501,81.4246805
964,107.0213,106.41904845000002
965,94.4298005,126.18833850000001
966,156.095089,181.12341185
967,99.4330135,101.92848015
968,110.105209,105.67791829999999
969,105.480875,98.11132885
970,79.6941605,72.48761535
971,172.6187145,166.94608305
972,113.706963,101.3374595
973,139.3000865,144.89010309999998
974,103.38546,102.46282190000002
975,97.737672,98.26174424999999
976,100.3502765,104.3653888
977,250.0074815,247.77008519999995
978,109.9856895,108.21166615000001
979,161.2396715,158.6558653
980,250.935888,191.6308802
981,94.8803475,103.25320195000002
982,78.670051,82.89332825
983,134.3283375,126.99895165000002
984,102.73433,102.40485385000002
985,431.28251050000006,421.50893995000007
986,108.4889645,102.29311295000001
987,111.3290275,107.3631214
988,101.3802855,106.47627359999998
989,121.1047175,110.54258044999999
990,114.7708395,100.6637803
991,361.3406605,380.90928015
992,101.9108035,103.66262724999999
993,108.5361605,115.47235559999999
994,390.973412,369.81870085
995,112.2829985,105.83032204999999
996,424.644699,268.2040304000001
997,103.278395,104.27232964999999
998,174.692498,184.7384725
999,188.073875,186.5491383
1000,100.4372395,106.65389225000001
1001,241.169375,256.4434427
1002,352.4284825000001,388.60681665000004
1003,108.2084105,107.8247245
1004,97.5967395,89.5403823
1005,110.834125,113.63400585
1006,253.0857095,276.94357155
1007,101.3802855,97.548451
1008,106.661649,142.93485585000002
1009,427.1917535,395.51421345
1010,101.0344,99.94565820000001
1011,94.1204045,94.06553914999999
1012,81.5479145,82.31880435
1013,101.7773,101.9672639
1014,173.0871785,228.53120389999995
1015,103.108402,106.51676164999999
1016,123.693724,127.29348965
1017,381.777184,360.98592575000004
1018,107.2885255,106.50767205
1019,121.5334145,128.449158
1020,328.918101,296.39614585
1021,91.6788855,102.38103735000001
1022,253.1613105,255.75938475000004
1023,143.7220895,149.9797984
1024,106.0199145,105.42382465000003
1025,267.10751,258.37950564999994
1026,393.3404225,387.80221224999997
1027,95.3824605,101.28591535
1028,105.136956,104.61631419999999
1029,113.7089295,160.95039934999997
1030,280.4191855,259.31874975
1031,96.221719,95.42019545
1032,103.5565455,100.61887855
1033,142.784069,142.7188686
1034,235.3011205,242.67744015000002
1035,415.717663,397.45951895
1036,419.27965,332.11958485
1037,270.600451,265.90639365
1038,102.8079645,105.07577599999999
1039,107.4218105,110.66358575
1040,103.010514,105.32126075
1041,103.5543605,103.63232129999999
1042,98.9649865,99.77590555
1043,80.021692,85.12902025
1044,94.184425,97.30515125
1045,101.9601845,97.1227256
1046,92.441669,92.82229600000001
1047,101.397547,104.18562885000001
1048,299.9168145,320.5372713
1049,104.3038155,100.20490845
1050,97.2143645,94.52320925000001
1051,326.6795685,313.6550457
1052,214.0126655,211.99669709999998
1053,135.000225,156.3014841
1054,109.422178,114.47468460000002
1055,105.51365,102.6762964
1056,72.0160705,81.38181080000001
1057,109.176147,103.12428695000001
1058,92.436425,94.7800997
1059,92.5952745,90.65584665000002
1060,96.78676,92.90456125
1061,183.5218645,188.598712
1062,173.3142,246.75141635
1063,99.6672455,100.13817854999999
1064,105.701997,97.13489605
1065,202.997425,189.99167135
1066,241.5593975,225.29670470000002
1067,368.008625,361.70431005000006
1068,91.4905385,104.33532319999999
1069,292.2009240000001,357.83738445
1070,101.0708895,103.84273679999998
1071,113.342505,109.53088175
1072,187.716409,201.08353979999998
1073,99.943211,100.78026265
1074,370.4516735,262.2598471499999
1075,240.0744715,252.12037650000002
1076,110.7395145,108.88429655
1077,113.325025,109.90836234999999
1078,283.796977,299.8936753500001
1079,165.362548,174.6879532
1080,86.6433345,91.48667105000001
1081,226.972556,227.14521470000005
1082,93.9709505,111.03354995
1083,152.75335,163.4656184
1084,101.3182315,101.58762015
1085,106.9830625,126.81560830000001
1086,201.8138105,197.9399366
1087,125.90843999999998,127.64053320000001
1088,95.0171285,96.89957154999999
1089,101.27475,94.58307825
1090,61.513431,61.550139
1091,194.2427855,182.59765319999997
1092,104.694275,112.3040182
1093,100.7951425,101.47631625
1094,89.2723265,106.8349195
1095,94.098336,101.32476464999999
1096,110.668939,134.7002245
1097,107.839364,107.0878551
1098,99.9364375,97.98219535
1099,353.4200355,384.59703575000003
1100,220.5794645,199.68017985
1101,140.7867605,128.43204944999997
1102,439.5820145,443.45123435000005
1103,104.105636,103.38323129999999
1104,91.491194,87.76177045000003
1105,104.6031605,102.504468
1106,146.1837105,133.32887480000002
1107,100.7142975,94.24302669999999
1108,104.3119,98.42092149999999
1109,83.9055295,86.65428134999999
1110,97.8733605,101.17509215
1111,98.1552255,103.663392
1112,401.5411645,348.53391665000004
1113,235.718674,216.19851765000004
1114,116.7360285,117.19151360000001
1115,103.0592395,101.82132774999998
1116,269.4885045,271.98078105
1117,92.302266,97.98525434999999
1118,93.047788,96.99608299999998
1119,111.5951605,109.89284885
1120,163.6877455,176.17980565
1121,110.49545,108.70849145000003
1122,97.2762,96.92194595000001
1123,328.4568475000001,325.49431525
1124,67.30586600000001,82.2326061
1125,104.3488265,107.42701079999999
1126,90.3678855,93.67700245
1127,132.01813700000002,122.06954794999999
1128,90.830013,98.81725865000001
1129,91.1925045,95.90321155
1130,86.5402025,133.86688734999998
1131,102.3744605,99.85498069999998
1132,105.9644155,106.42774474999999
1133,98.117425,96.08069910000002
1134,107.86908,108.10176065
1135,105.2551645,105.12679575000001
1136,90.4443605,93.9579716
1137,103.216778,103.55510339999998
1138,308.2543375,321.72807445
1139,138.4343895,191.01490685
1140,416.6176645,403.96810954999995
1141,92.3855145,95.32798845
1142,333.348407,328.45560205
1143,93.189813,96.13414420000001
1144,103.645475,104.03779175
1145,174.7563,171.83790474999998
1146,450.39405,370.913364
1147,173.9616155,150.3796971
1148,85.53859849999998,85.7156709
1149,318.8376035,328.69053325000004
1150,109.6360895,103.48961895
1151,186.2094145,179.45498955
1152,94.4660715,95.4727447
1153,121.234725,119.80068764999999
1154,107.2325895,108.11137465000002
1155,168.124825,178.36200885
1156,115.170039,104.80308800000003
1157,176.26395,263.60561049999995
1158,98.5397855,101.95290845
1159,100.4306845,110.14521634999998
1160,194.2318605,217.24871604999998
1161,215.6212625,222.32246085000003
1162,105.078398,100.64376569999999
1163,100.9498405,103.49167284999999
1164,404.6477975,356.44971279999993
1165,274.7856,269.3716944
1166,109.3301895,109.4983471
1167,95.4222275,105.3536206
1168,104.0315645,110.93609895
1169,172.3455895,179.33254215
1170,73.379292,74.46615469999999
1171,146.6744615,138.8625621
1172,105.794641,119.27464890000002
1173,155.02575,114.1844292
1174,98.3649855,99.8671293
1175,288.59917,331.91721015
1176,105.8551655,101.77808659999998
1177,94.983261,102.04258085
1178,98.177294,98.07005419999999
1179,257.9595705,285.0242915
1180,107.0136525,109.89877019999999
1181,223.0895925,226.57873160000003
1182,111.2202145,109.58126784999999
1183,73.514325,74.53013150000001
1184,100.236875,103.87363269999999
1185,93.807294,91.2765833
1186,120.4933545,110.4156538
1187,121.3839605,126.12180525000001
1188,148.080509,140.26391185000003
1189,112.617085,129.77359574999997
1190,254.7782105,416.3606211
1191,112.4372595,102.20486079999999
1192,107.3829175,105.3211952
1193,449.946125,442.5815388000001
1194,100.646781,108.3246525
1195,99.384725,97.0220845
1196,99.1227435,95.59757375
1197,91.260895,93.17733665
1198,431.5302895,413.49414145000003
1199,393.6096145,376.0995052
1200,135.655725,158.5780356
1201,110.2841605,103.45186214999998
1202,429.1875325,371.4755426500001
1203,102.2835645,101.83384780000002
1204,99.1747465,103.35943665000002
1205,94.730675,102.85859095
1206,92.8465495,95.66085135
1207,243.8169395,241.13373764999997
1208,101.9711095,96.76912705
1209,80.075006,87.86529575
1210,264.570725,251.55393709999998
1211,108.432373,102.62390009999999
1212,97.7317725,93.52778879999998
1213,347.880842,376.85501265000005
1214,261.1544775,292.4034298
1215,101.0997315,105.79003064999999
1216,163.6724505,236.69445130000003
1217,118.590875,107.06458485
1218,110.2623105,107.65307089999999
1219,358.763016,371.42943915
1220,102.2879345,109.66722575000001
1221,103.4840035,104.47643049999999
1222,308.556523,317.05162820000004
1223,101.2968185,100.87050314999999
1224,128.591183,152.2571365
1225,309.3909745,288.81008805
1226,100.47504,102.13148849999999
1227,227.3896725,287.91061095
1228,104.4611355,105.16029180000001
1229,95.823175,96.77214235
1230,108.512781,111.68800114999999
1231,103.8340405,98.01820415
1232,333.004925,351.08534115000003
1233,95.8177125,99.85395374999999
1234,121.6972895,126.6393662
1235,106.540163,97.9206439
1236,89.2791,99.41428805000001
1237,93.887702,99.57964885000001
1238,102.192887,103.24673434999997
1239,97.5748895,97.6049988
1240,104.7521775,108.359394
1241,101.5437235,101.39040205
1242,198.2232,179.9730749
1243,111.7354375,110.66815239999998
1244,340.5831605,322.08932050000004
1245,442.30583550000006,397.98846374999994
1246,240.139803,227.3383687
1247,110.9025155,126.66665685000002
1248,102.924425,110.5021798
1249,107.2845925,109.90019045
1250,101.0328705,93.93028765
1251,244.9968395,408.69286615
1252,123.0629145,210.70678234999997
1253,146.178248,136.336571
1254,225.495059,221.33680735000002
1255,99.4684105,96.20889305
1256,98.7906235,100.21659819999999
1257,390.606769,340.80137645
1258,210.796564,281.32121904999997
1259,99.8691395,103.02460725
1260,108.400472,108.42994765
1261,99.0606895,96.77902510000001
1262,106.30025,104.67852115000001
1263,326.7739605,286.35524055
1264,189.729231,189.29275539999998
1265,156.2972015,144.6594108
1266,238.9295315,242.97619519999998
1267,196.9215955,205.23949720000002
1268,386.6844755,366.11228535
1269,388.5876105,375.67163850000003
1270,109.414312,108.85357545
1271,99.1808645,102.04537765
1272,81.254906,72.94524175000001
1273,134.45353799999998,124.69021510000002
1274,93.1684,100.31258525000001
1275,380.8085735,374.33861370000005
1276,103.077375,105.06673010000002
1277,106.0089895,95.65731165
1278,113.91541200000002,111.1456186
1279,95.2548565,120.320084
1280,114.593199,116.35520484999999
1281,99.018956,97.21700834999999
1282,103.97541,95.7989652
1283,59.8253,69.55853545000001
1284,98.1027855,104.453488
1285,445.532425,428.3633505000001
1286,116.873465,119.88900535
1287,200.107981,201.48573274999998
1288,92.57845,98.55643519999998
1289,254.3486395,254.99175055
1290,101.95647,104.0032032
1291,96.587925,95.63856435
1292,84.0351,158.92215125
1293,247.344185,251.47995299999997
1294,106.98633999999998,101.7872199
1295,102.8698,146.99559095
1296,300.5563640000001,215.9668858
1297,412.0182395,358.74997155
1298,112.83012250000002,110.97979894999999
1299,99.4032975,90.89947414999999
1300,97.330825,99.93348775000001
1301,265.1753145,284.04490895000004
1302,112.1462175,134.6346308
1303,327.9420615,365.14896254999996
1304,82.6976615,87.9649973
1305,146.1583645,144.08311705
1306,123.8600025,117.25171035000001
1307,94.9598815,97.85526870000001
1308,244.455615,253.01943845
1309,99.0388395,98.22765825
1310,250.258975,316.79521845
1311,108.916569,122.97072934999998
1312,231.3082515,222.71440614999997
1313,274.9239105,286.3348545
1314,126.7262855,137.5896685
1315,95.266,94.28205080000001
1316,104.7613545,106.66202044999997
1317,74.41957049999998,79.70541324999996
1318,112.723713,106.80275629999998
1319,421.08446,435.31711299999995
1320,106.6133605,106.07294444999998
1321,103.5543605,97.78069465
1322,104.571478,96.94250680000002
1323,442.68471449999987,428.78258645000005
1324,103.1877175,105.04627850000001
1325,211.3513355,195.8399768
1326,275.058725,312.69760055
1327,103.8978425,133.3261217
1328,113.9510275,108.75166705
1329,426.0385105,443.91777555
1330,410.3921625,398.71449555000004
1331,222.3965105,215.823375
1332,92.9571105,98.2378185
1333,113.996694,111.98118444999997
1334,249.752055,250.58113140000006
1335,109.1663145,109.02175489999999
1336,101.18735,89.86837265000001
1337,212.8270845,210.7360832
1338,252.805811,247.08563395000002
1339,103.6308355,98.13337550000001
1340,100.608325,104.17112044999999
1341,86.7783675,87.02116469999999
1342,96.1581355,98.15011259999999
1343,243.0049935,234.25094395000002
1344,111.591009,105.27583459999998
1345,97.3126895,98.68954540000001
1346,94.730675,103.54992494999999
1347,110.4301185,101.04984795000001
1348,154.884162,138.4280093
1349,355.357475,334.52448325000006
1350,136.1991345,122.51157344999999
1351,102.06135,104.36630650000002
1352,294.6131640000001,305.45404149999996
1353,97.6548605,98.31816095
1354,143.1762765,155.00521100000003
1355,327.3822645,341.2846329
1356,79.9458725,80.77645654999999
1357,90.972475,91.8275966
1358,97.082172,101.9880214
1359,106.9266895,110.65488945
1360,309.5780105,312.54167895
1361,146.011751,141.90445355000003
1362,75.417023,78.03076370000001
1363,302.0034895,322.33965594999995
1364,102.0395,107.59099504999999
1365,97.4363605,94.40167955
1366,333.527577,347.04422734999997
1367,111.3569955,110.14032195
1368,288.5989515,316.7937544999999
1369,102.831781,103.15411220000001
1370,92.646185,96.22868915
1371,80.60486850000002,88.24332260000001
1372,79.3782095,81.33950919999998
1373,95.823612,98.2913947
1374,100.0487465,106.2004829
1375,176.30765,365.8264655
1376,109.815915,104.17758805000001
1377,80.23167049999998,82.15853459999998
1378,339.1637845,336.56501104999995
1379,85.32862,123.32415310000002
1380,99.507959,100.23746495
1381,315.4421135,309.54735495
1382,81.9119355,84.89616479999998
1383,127.014924,125.90575245
1384,404.7893855,338.86634045000005
1385,90.3971645,96.51527375
1386,180.2334395,181.44956679999999
1387,107.7058605,117.93456655
1388,85.5560785,96.22910430000002
1389,375.3757895,378.5724445000001
1390,379.371062,368.34404435
1391,394.565989,362.79637304999994
1392,141.6826105,128.2260695
1393,105.8866295,114.45711720000001
1394,100.0950685,97.69259544999998
1395,88.3301545,96.55510629999999
1396,138.8421105,170.2838235
1397,91.484202,95.88249775
1398,401.6831895,333.97263965
1399,134.2466185,132.43973275000002
1400,106.5041105,109.29900954999998
1401,99.046924,112.0863048
1402,88.36424050000002,93.87526935000001
1403,151.5666765,137.21430735
1404,109.622761,100.64654064999999
1405,80.717833,84.41959445
1406,103.8432175,106.17048284999998
1407,107.6914395,103.96651705
1408,434.273994,358.73364960000004
1409,242.231722,244.99332164999996
1410,98.891352,98.858577
1411,100.018375,99.60591255
1412,103.9769395,99.04074045
1413,103.7121175,100.0139613
1414,101.428574,101.3562068
1415,94.8742295,287.81062535
1416,421.235225,415.051238
1417,57.96805,65.82821605
1418,105.8691495,113.1555564
1419,111.691956,106.6566235
1420,83.70494649999998,89.51105960000001
1421,89.901825,96.24979625
1422,99.2783155,98.1249414
1423,57.179702,60.78868835000001
1424,111.5261145,110.45878569999999
1425,332.1490605,319.4146183
1426,273.520485,276.6601989
1427,80.8583285,81.71019444999999
1428,56.405775,62.94582960000001
1429,401.1622855,370.45147685000006
1430,376.6186175,238.8208933
1431,109.0373995,109.81060545
1432,403.8087575,354.01894400000003
1433,411.1296,436.45534504999995
1434,100.996381,85.96539455
1435,167.57617150000004,182.9451993
1436,101.3038105,100.82868225
1437,91.707509,89.69186835
1438,99.5086145,99.43500185
1439,331.169525,388.73009435
1440,145.851372,145.1060685
1441,99.567391,100.98276845000001
1442,105.3438755,101.4502492
1443,387.3364795,380.09060435
1444,273.2925895,210.64346104999998
1445,327.1152575000001,357.52560680000005
1446,289.982275,314.88388969999994
1447,88.51063549999998,78.19343695
1448,99.6877845,94.74830795
1449,131.5079395,132.54487494999998
1450,97.4158215,95.6354398
1451,109.174836,134.22690980000002
1452,170.9581145,174.89970154999997
1453,285.2327405,213.50699095
1454,103.5325105,101.3597902
1455,214.5597895,211.99060095
1456,223.9172705,90.4231223
1457,105.4771605,102.75312100000001
1458,103.3249355,106.88360129999998
1459,101.765064,101.0146913
1460,204.66895,181.42507295000001
1461,292.779075,303.1701484
1462,102.2433605,98.5817375
1463,102.837025,98.52374760000001
1464,347.5122325000001,353.4113392
1465,423.992695,405.6608946
1466,272.0069355,295.0807103
1467,384.802972,346.90665974999996
1468,103.033675,106.23341085
1469,84.1524345,83.01105605000001
1470,128.0556395,134.00036899999998
1471,97.281444,98.44366735000001
1472,102.2726395,113.76357635
1473,100.6046105,105.9951366
1474,100.8554485,84.9735575
1475,109.8327395,101.49397105
1476,95.1757595,104.45184924999998
1477,82.35265,94.00416250000002
1478,89.9479285,80.22865519999998
1479,108.3067355,100.11999934999999
1480,397.798041,372.3963672
1481,172.6986855,178.3383453
1482,256.001155,245.22209115
1483,407.841175,357.84769765
1484,228.2086105,288.1774213
1485,83.2959145,83.310991
1486,134.486313,131.0269773
1487,268.2889395,257.86157325
1488,96.1144355,90.66747084999999
1489,233.724206,244.74733435000002
1490,96.6947715,97.47330885
1491,263.9552105,268.44116844999996
1492,195.423341,192.1383246
1493,126.44376499999998,121.61463095000002
1494,103.0627355,104.67196614999997
1495,101.5625145,99.98601515000001
1496,262.25309550000003,328.87092685000005
1497,88.6941755,90.15867175000001
1498,106.014889,105.32571815000001
1499,98.8631655,96.48984035000001
1500,88.9441395,100.00480615000001
1501,106.315108,99.78759529999999
1502,92.7241895,108.76665615000002
1503,231.0141505,223.64292189999998
1504,94.3847895,97.32477255
1505,98.6018395,101.8312258
1506,93.266725,97.5005558
1507,105.5968985,105.13396255
1508,107.3151825,109.9455729
1509,229.3509285,222.64894355
1510,104.9418355,106.04467055
1511,103.132,106.87733035000001
1512,101.698203,98.58359475
1513,118.53625,104.88970139999996
1514,319.5162645,337.78148795
1515,71.4868635,76.94090755
1516,137.80926100000002,133.14540035
1517,107.0722105,107.72869375
1518,396.8434145,380.251617
1519,99.962439,99.5191899
1520,115.4744095,105.2409183
1521,91.5831825,95.25234375
1522,369.4762895,327.82182095
1523,381.134794,398.5750269999999
1524,108.15313,116.89470320000001
1525,99.3670265,102.64668965000001
1526,87.607575,93.69867765
1527,167.99263249999996,145.05255785000003
1528,98.135342,95.903146
1529,111.3840895,108.16285324999998
1530,255.224606,245.74174969999999
1531,183.4366495,167.0628713
1532,95.5900355,96.9811376
1533,316.3362155,320.9787942500001
1534,145.877592,147.77701249999998
1535,170.6578955,160.096698
1536,312.8511405,152.6602253
1537,434.985867,359.136651
1538,109.488165,107.25127124999999
1539,128.7544025,120.24588139999999
1540,108.672723,99.99145580000001
1541,190.7505,224.36388450000004
1542,295.161162,327.44429665
1543,117.0113385,114.42283454999999
1544,344.6765395,396.58897125000004
1545,117.3744855,109.23522940000001
1546,105.4443855,107.56344220000001
1547,229.0026395,237.66395765
1548,278.570894,259.17362205
1549,114.6251,113.60380915
1550,111.565663,132.36832695
1551,342.2035565,365.20983664999994
1552,91.8501895,95.5658257
1553,126.498827,126.11865885
1554,91.553248,90.39600645
1555,242.446289,234.04433035000002
1556,107.665875,108.77692565
1557,100.1955785,102.68632554999999
1558,108.52021,110.18389085000001
1559,443.698336,419.88884985000004
1560,98.258139,99.69027539999999
1561,181.33315,176.20482389999998
1562,93.7327855,103.4204637
1563,207.3593405,213.9038525
1564,97.2169865,99.08968445
1565,105.9998125,103.71882544999998
1566,114.8436,116.15208725
1567,124.91645,128.28976225
1568,109.3192645,109.7396148
1569,103.3432895,98.50961065000001
1570,103.913356,103.20264104999998
1571,106.90789850000002,118.65874109999997
1572,89.083324,90.85627670000001
1573,154.861875,137.45548765
1574,420.9902865,381.8541397000001
1575,101.8474385,100.87008800000001
1576,111.9862755,120.93111925000001
1577,94.3008855,99.99287605
1578,352.0338715,367.91228835
1579,105.9543645,102.43570605
1580,108.3639825,107.4173094
1581,71.898736,67.67836479999998
1582,146.2711105,137.7905137
1583,96.095863,105.21480755
1584,247.8299105,249.39198884999996
1585,90.00670500000003,159.68847445
1586,376.690067,404.13580829999995
1587,103.5408135,100.42277479999998
1588,97.4512185,106.06621465
1589,97.638036,92.9395868
1590,90.6528095,100.66170455
1591,139.718514,125.52956099999999
1592,116.3387955,111.62824140000001
1593,372.5169355,352.85344315
1594,105.9617935,103.32010665
1595,91.3839105,90.46317335
1596,397.099278,215.43971084999998
1597,327.014092,311.19921495
1598,96.458136,94.9920447
1599,102.816486,105.74233210000003
1600,105.8306935,100.12270875000002
1601,445.8711,432.06559265
1602,143.8763505,122.2904733
1603,340.7116385,326.63186995000007
1604,159.3229895,245.43287809999998
1605,92.2592215,85.7859405
1606,114.7406865,115.40818214999999
1607,116.3986645,117.01328315
1608,196.902149,198.87223239999997
1609,206.1283115,211.88751265000002
1610,104.3593145,103.9622126
1611,376.638064,369.0826399
1612,90.7830355,96.33542639999999
1613,239.7563355,225.4396037
1614,381.1105405,380.63248435
1615,96.5514355,104.68319704999999
1616,74.300925,75.48757665
1617,91.296292,98.9334351
1618,276.29587200000003,216.267367
1619,117.6257605,115.97748390000001
1620,61.18,65.68142775000001
1621,114.7052895,114.44885790000001
1622,228.87875,230.64433925000003
1623,150.2635425,140.3413701
1624,93.6855895,110.62473645
1625,108.7546605,103.8029698
1626,92.1884275,99.64963440000001
1627,81.210769,74.27383100000002
1628,82.276175,91.797531
1629,99.3700855,102.94782634999999
1630,105.0169995,104.63934409999999
1631,118.612725,125.54706284999997
1632,106.507825,103.35056555000001
1633,326.0319345000001,316.1084074
1634,284.758377,294.0891573
1635,306.0785145,315.36404345
1636,118.393351,121.52683765000002
1637,111.314825,120.84315115
1638,101.6158285,97.43605459999999
1639,106.0391425,105.60443674999999
1640,105.7135775,109.78272485
1641,115.3983715,115.6412124
1642,109.544975,99.53752204999999
1643,89.9247675,86.3866407
1644,98.4742355,97.71767925
1645,99.8730725,108.16643665
1646,107.7351395,115.05775185
1647,345.760081,359.6229009
1648,99.765352,106.95472305000001
1649,376.0465845,335.2667059
1650,110.142791,107.8899686
1651,91.9192355,96.18092505
1652,96.694553,100.98593670000001
1653,89.063659,88.41001625000001
1654,319.3523895,326.81320310000007
1655,265.706488,235.67093175000005
1656,84.93116850000001,85.31736724999999
1657,241.0092145,300.06025975
1658,316.573725,374.31569305000005
1659,94.3738645,88.77596005
1660,81.234367,83.32897354999999
1661,98.790842,105.75120319999999
1662,177.3710895,165.17186305
1663,130.43029750000002,110.74084735000001
1664,78.0919,74.47085245000001
1665,120.341497,114.79166255
1666,187.8770065,178.2633561
1667,91.39418,109.22707935000001
1668,75.28308249999998,72.56028845
1669,183.818806,197.86114549999996
1670,390.0598635,407.9643216
1671,148.7985,147.29668395000002
1672,100.586475,118.10241825
1673,112.911623,105.55149420000001
1674,102.4386995,103.9237566
1675,450.0031535,449.37476934999995
1676,182.1780895,187.01871665
1677,385.0881145,337.45395644999996
1678,280.037466,280.55109394999994
1679,102.509275,108.5552574
1680,104.048826,114.51285655000001
1681,306.7012395,344.87122300000004
1682,142.0687,148.65844149999995
1683,100.100094,98.82173789999999
1684,112.1706895,108.63293414999998
1685,105.7651435,109.45532444999999
1686,395.9147895,375.84372909999996
1687,111.426697,152.69293475
1688,338.9190645,359.9302430000001
1689,91.87925,96.73901774999999
1690,117.039525,108.70355335000002
1691,353.3068525,341.66318414999995
1692,114.4229875,110.12751784999998
1693,181.2713145,202.79839335000003
1694,99.603225,91.8980847
1695,103.248242,110.54861104999998
1696,99.1480895,100.45347405
1697,301.9270145,390.8781897
1698,108.4771655,97.102274
1699,438.4493105,435.29423605
1700,91.8283395,90.7779663
1701,128.98928999999998,123.7904321
1702,102.051736,103.39140319999998
1703,107.5074625,106.62815294999999
1704,76.69524799999998,79.82982715
1705,112.2653,104.64517805
1706,110.2588145,110.96942020000002
1707,261.6500355,283.92543315
1708,155.86479,126.91989835000001
1709,109.707976,111.87706920000001
1710,88.3541895,83.84638154999999
1711,104.8146685,105.9943937
1712,448.68975,432.0851047
1713,299.5868795,289.63855265
1714,99.4430645,104.36198019999999
1715,94.442255,93.89971949999999
1716,98.1027855,91.35631395
1717,99.29077,98.1752401
1718,99.040369,97.58990045
1719,333.9936375,302.1621205
1720,375.6633355,329.6161648
1721,107.8854675,129.33198540000004
1722,87.5129645,98.5236602
1723,330.5905,387.6006897
1724,98.0590855,105.43540515
1725,99.266735,99.25386535
1726,115.616216,127.79361429999999
1727,104.395367,103.42398155000001
1728,103.929962,105.01055375000001
1729,103.0557435,98.58311404999999
1730,314.2539105,260.66136670000003
1731,253.4886235,255.4599305
1732,89.03875,84.87153985
1733,143.5108,123.52998009999999
1734,89.7635145,92.96748925
1735,106.3778175,105.3319017
1736,109.3992355,101.95185965
1737,96.277655,98.5079719
1738,92.7534685,119.68392125
1739,128.80902749999998,126.27895045
1740,366.3119725,242.72568495000002
1741,129.6760355,108.60745705
1742,122.489789,123.52222334999999
1743,116.7351545,110.39279869999999
1744,105.03732,103.16835839999999
1745,202.5894855,228.35072290000002
1746,408.6944175,436.13436855
1747,225.5927285,215.6014664
1748,206.1536575,194.5603097
1749,94.0273235,121.00318055
1750,298.893142,318.5986082
1751,104.3156145,102.67404585
1752,108.6003995,125.27701869999999
1753,395.0761865,401.35819260000005
1754,92.545675,92.54377405
1755,161.16516299999995,223.53659980000003
1756,407.85647,407.2895936
1757,68.5598375,69.37071284999999
1758,118.3031105,107.7133769
1759,166.983381,167.00215015
1760,126.1691105,136.71322130000001
1761,117.928383,114.74652045
1762,263.2258575,269.41192025
1763,95.856824,96.63925065000001
1764,97.2362145,99.16362484999999
1765,250.3573,258.94756195
1766,110.7600535,111.73279365
1767,421.19873550000005,359.76051220000005
1768,353.402337,368.1036725
1769,94.611811,94.1825022
1770,102.443725,103.99208155000001
1771,103.9703845,102.42639795
1772,120.478278,106.13888775000001
1773,101.5979115,102.35551655
1774,100.5644065,111.43069555000002
1775,104.453925,99.52100345
1776,101.6861855,103.75350139999998
1777,237.9502145,242.47867069999998
1778,105.872864,102.11693639999999
1779,103.1116795,105.3593453
1780,260.4338645,248.12364005
1781,181.6134855,157.57776445000002
1782,112.54935,104.72230855000002
1783,354.8586395,387.86219049999994
1784,103.830763,103.73731055
1785,156.239299,172.10246455
1786,172.166201,189.16047550000002
1787,108.628149,102.95599825
1788,245.274553,321.81254655000004
1789,292.8374145,318.8091111
1790,97.564183,97.77850965
1791,390.5506145,362.19523585
1792,175.0257105,171.72756225
1793,103.030616,100.17388145
1794,101.6381155,106.22086895
1795,80.9662675,85.8118546
1796,384.2285355,199.03151889999998
1797,295.0569375,377.9348615
1798,231.5188855,244.88254214999998
1799,97.505625,93.29338199999998
1800,104.2976975,117.99299345
1801,402.356825,443.2178108
1802,115.1964775,111.01244285
1803,387.2241705,387.60682955000004
1804,384.62555,402.3094542
1805,107.734484,107.7673464
1806,116.869969,101.3707589
1807,105.12035,106.73076054999999
1808,149.81605449999995,146.09862660000005
1809,89.4283355,82.02791529999999
1810,202.8700395,181.92991720000003
1811,102.797695,100.9785514
1812,107.51073999999998,96.37936674999999
1813,111.5479645,109.25150764999998
1814,74.4353025,85.6715776
1815,300.691834,325.7781686000001
1816,107.3370325,105.3549753
1817,172.0906,144.58933785
1818,95.087267,87.64614025
1819,101.4117495,99.79869509999999
1820,305.9255645,294.82989415
1821,92.480125,103.83733984999999
1822,298.8667035,373.38337540000003
1823,101.3212905,101.07724784999998
1824,117.9753605,117.30056695
1825,97.0688435,97.59250060000001
1826,114.80667350000002,103.00697429999998
1827,103.461498,102.30093525000001
1828,267.4804895,279.03470395
1829,100.5569775,101.61270395
1830,78.8131685,85.29232714999998
1831,75.917388,84.88117570000001
1832,155.72495,157.1092349
1833,445.729949,393.93126835
1834,96.08319,94.64198585
1835,116.7736105,187.71088095
1836,360.1354145,355.67491179999996
1837,103.339575,104.76679515000001
1838,101.31845,98.61025175
1839,374.5380605,382.61187585000005
1840,151.617587,154.95279284999998
1841,97.1667315,109.72912679999999
1842,147.235788,128.17216555
1843,106.596099,102.44960265
1844,328.7758575000001,316.79486885
1845,437.2038605,424.10078695000004
1846,96.4858855,95.35197974999998
1847,101.4196155,106.21938315
1848,316.167752,308.1578916
1849,97.3563895,103.95696860000001
1850,99.6615645,99.5969759
1851,57.8306135,65.4863291
1852,97.9332295,101.75223805
1853,126.8639405,175.57871214999997
1854,280.88939750000003,294.23288660000003
1855,105.0860455,104.54958430000002
1856,104.8544355,103.57199345000001
1857,446.9891645,423.93044435
1858,108.4373985,98.5896472
1859,105.763177,102.0825008
1860,242.0287355,145.2717352
1861,122.1399705,115.61840100000002
1862,106.420425,113.5962709
1863,91.505615,96.64868985
1864,99.6327225,103.94650245
1865,99.50053,87.66571785
1866,295.885708,308.81450595000007
1867,97.922086,100.13588430000001
1868,105.874612,106.27335264999999
1869,104.187792,101.52945544999999
1870,106.385028,98.90090045
1871,97.0710285,98.5125604
1872,199.542503,207.2695807
1873,93.718583,93.96135834999998
1874,247.58322400000003,309.0247248
1875,82.59299999999998,90.17853339999999
1876,108.407027,102.61092119999998
1877,98.2994355,95.7866855
1878,101.36215,181.4486054
1879,164.39568549999996,179.86166175000002
1880,105.349775,113.0987901
1881,98.419392,99.8771366
1882,256.7879735,245.75879269999996
1883,306.5080855,345.08753799999994
1884,215.8257785,206.8310949
1885,323.4492645,340.3828178499999
1886,83.4711515,87.8793016
1887,86.4785855,123.40775119999998
1888,264.7383145,248.81208984999998
1889,450.3322145,421.2745987
1890,112.779649,110.92104429999999
1891,108.6939175,111.29894005000001
1892,182.5512875,188.37595125
1893,185.3244895,201.3557908
1894,90.721637,92.95014035000001
1895,254.1773355,249.17294260000003
1896,141.022959,133.88646494999998
1897,103.2191815,110.54116020000001
1898,100.346125,93.36105145000002
1899,94.0788895,96.07899479999999
1900,257.386008,248.25784274999995
1901,119.5157855,129.46583850000002
1902,100.459745,99.65035544999999
1903,322.177376,335.5753153
1904,107.481461,98.6072583
1905,106.8978475,101.37073705
1906,256.128322,260.6739523
1907,101.1941235,98.7127501
1908,89.01318549999998,80.22400115
1909,105.631203,100.34986134999998
1910,177.84239399999996,199.05210160000004
1911,105.7686395,101.50515825000001
1912,101.7591645,104.47002845000002
1913,109.876658,105.79783110000001
1914,74.23756,82.00551905
1915,115.6302,123.22720465
1916,187.0834145,181.11899815
1917,106.3157635,100.61713055
1918,195.7486875,187.7854113
1919,156.9666855,148.0913466
1920,352.802336,346.356149
1921,103.3249355,94.43672695000001
1922,209.792775,190.2157868
1923,77.23647249999998,81.4583295
1924,111.075786,102.6481536
1925,114.3644295,129.24701075000002
1926,106.8174395,99.3797869
1927,106.7409645,108.33843985000001
1928,99.9949955,102.1075846
1929,159.2268495,212.73942229999997
1930,135.927976,131.3883763
1931,186.2504925,150.11105135000003
1932,73.1269245,75.69438690000001
1933,89.03503549999998,80.13358585
1934,161.8755065,154.3770672
1935,194.127636,229.96344955000004
1936,99.5968885,98.42004750000001
1937,97.7859605,88.30019814999999
1938,246.3200755,310.5634455
1939,141.416259,142.11565564999998
1940,160.2441855,286.04462095
1941,239.4067355,241.08304565000003
1942,101.6599655,99.96728969999998
1943,82.2434,86.3775511
1944,287.2656645,294.10082520000003
1945,199.2442505,196.93763339999995
1946,338.751475,342.0021869
1947,102.714228,109.06748694999999
1948,100.3319225,148.98394094999998
1949,98.0612705,101.474459
1950,109.6400225,112.77272255
1951,97.1160395,95.42533020000002
1952,360.1126905,322.96412895
1953,107.9339745,99.32902935000001
1954,179.7125355,175.06886425
1955,105.9019245,108.57629895
1956,226.4243395,220.56456279999998
1957,104.718747,100.5981866
1958,171.8198785,86.11294760000001
1959,118.481625,113.2040634
1960,259.220534,287.54171740000004
1961,221.2531,202.33351274999995
1962,117.485702,111.60366015
1963,103.4560355,95.01859245
1964,289.6873,286.26329575
1965,97.188363,103.69745615
1966,424.840038,447.67499229999993
1967,139.5937505,130.9028256
1968,101.8609855,104.00868755000002
1969,111.577462,105.19901
1970,106.3804395,122.03675110000002
1971,112.603975,107.11820474999999
1972,105.6336065,103.62954635000001
1973,91.9992065,92.96674635
1974,100.333889,104.21916860000002
1975,324.925669,324.74156089999997
1976,378.7843895,363.251443
1977,338.8653135,328.2514575
1978,97.7964485,103.40827139999999
1979,112.284091,109.2678296
1980,259.331969,282.81055875
1981,92.512026,97.03919305000001
1982,334.0891220000001,325.98679240000007
1983,105.5208605,104.13264260000001
1984,107.1875785,104.29643019999999
1985,122.480175,156.53639345
1986,255.4520645,158.92153945
1987,99.29951,96.97962995
1988,148.4871375,144.6494909
1989,109.500401,105.13507689999999
1990,338.056208,308.60063815
1991,119.739311,111.36947185
1992,415.3503645,383.7604648
1993,101.5843645,100.11576045000001
1994,80.5572355,86.78208199999997
1995,106.98197,73.2660216
1996,80.81878,86.04097370000001
1997,109.8218145,110.98753385
1998,93.8822395,91.16945274999999
1999,364.915539,343.79535085
2000,197.2253105,187.3623516
2001,117.66225,124.53916604999999
2002,97.18443,97.8644894
2003,103.890195,107.6133476
2004,111.9119855,107.4785768
2005,141.9522395,147.8818488
2006,106.911176,110.86832025000001
2007,110.266025,114.44361390000002
2008,114.7380645,113.73849254999998
2009,96.051726,96.9141018
2010,110.148909,106.40696540000002
2011,106.101852,95.6217617
2012,419.9851865,390.53682715
2013,102.028575,103.64560610000001
2014,139.3324245,136.87268260000002
2015,107.949925,99.55876025
2016,106.0304025,106.0818374
2017,81.030725,81.07990935000001
2018,98.512473,96.63405035000001
2019,260.86715,258.54949865
2020,106.1291645,135.2177636
2021,93.8848615,96.27638770000002
2022,99.954573,106.32968195000001
2023,102.355451,101.35085354999998
2024,374.407616,221.18053615
2025,94.2716065,95.30102555
2026,72.4762315,78.91199605
2027,103.317725,95.69941660000002
2028,100.826825,99.52218335
2029,106.7698065,105.47587134999999
2030,102.9609145,131.53894465000002
2031,304.333355,317.2812717
2032,147.2290145,127.03135520000004
2033,387.2656855,371.88442169999996
2034,82.0002095,84.08607605
2035,100.6657905,101.56070094999998
2036,272.341459,269.0594797499999
2037,94.4105725,89.0425956
2038,369.4872145,381.09220835
2039,324.4001765,285.33207059999995
2040,245.5666875,237.41537020000004
2041,235.199081,256.47357385
2042,133.9769895,138.71662594999998
2043,267.274444,249.9142257
2044,89.1538995,94.45394475
2045,90.3460355,88.28573344999998
2046,409.3451105,375.49371395000003
2047,163.656063,193.09338810000003
2048,96.5767815,97.22815184999999
2049,108.343662,101.97187425
2050,112.1741855,105.54054735
2051,318.518375,319.3142831
2052,92.3107875,98.92253195
2053,368.638342,358.97340965
2054,222.762935,224.32575624999998
2055,436.61347350000005,405.22090115000003
2056,97.6876355,100.4673051
2057,100.8366575,107.66594055
2058,98.8531145,102.2827342
2059,422.9760145,441.56514235000003
2060,96.489163,100.90323444999999
2061,80.4152105,86.125271
2062,108.343225,100.47646025
2063,142.2450295,136.8715464
2064,129.6760355,162.2478742
2065,95.8194605,97.5749769
2066,107.9899105,98.17010534999999
2067,110.697344,100.04022499999999
2068,101.581524,180.88935465
2069,104.3894675,107.38831444999998
2070,77.613385,78.54034940000001
2071,110.655392,106.49744625000001
2072,121.4193575,110.37284964999999
2073,77.8552645,80.74398745
2074,108.3323,153.84464825
2075,81.3525755,87.03381585
2076,104.226685,103.99675744999999
2077,339.9228535000001,366.77794559999995
2078,100.4407355,97.94976994999999
2079,105.8704605,106.83559685
2080,224.88653650000003,248.4356362
2081,111.126915,105.29283389999998
2082,100.773511,101.4901473
2083,108.185031,104.27822914999999
2084,96.151799,94.74959709999999
2085,239.49785,315.20875549999994
2086,107.2889625,105.4521641
2087,108.0838655,148.45493059999998
2088,102.2215105,101.9291575
2089,94.0496105,95.08409875
2090,90.425788,83.9836651
2091,224.4869,223.22058324999998
2092,244.08635,244.99402084999997
2093,90.142175,78.7055354
2094,96.488726,102.05698
2095,101.479703,102.63615795000001
2096,90.2105655,108.82735545000003
2097,87.5457395,83.90327895
2098,378.8097355,314.9353683
2099,257.8372105,283.13673555
2100,142.5854525,137.6768937
2101,215.30880750000003,207.66325215
2102,101.2129145,106.0251585
